,year,month,현재수요(MW)
115,2022,1,72234.1282732345
116,2022,2,70367.03873205357
117,2022,3,65095.50477762097
118,2022,4,60545.253302215184
